id,first_name,last_name,department,age
1,Liam,Smith,IT,28
2,Emma,Johnson,HR,32
3,Noah,Williams,Finance,25
4,Olivia,Brown,Marketing,30
5,William,Davis,IT,31
6,Ava,Miller,HR,27
7,James,Jones,Finance,35
8,Isabella,Taylor,Marketing,29
9,Lucas,Anderson,IT,33
10,Sophia,Wilson,HR,26
11,Aiden,Moore,Finance,38
12,Mia,Baker,Marketing,28
13,Logan,Hall,IT,30
14,Amelia,Clark,HR,24
15,Oliver,White,Finance,40
16,Ella,Wright,Marketing,31
17,Benjamin,Adams,IT,29
18,Charlotte,Hill,HR,23
19,Ethan,Martin,Finance,42
20,Sofia,Scott,Marketing,32
21,Avery,Nelson,IT,34
22,Harper,Green,HR,29
23,Liam,Cooper,Finance,39
24,Grace,Turner,Marketing,33
25,Noah,Evans,IT,28
26,Ava,Ross,HR,22
27,Lucas,Ward,Finance,36
28,Sophia,Turner,Marketing,34
29,Ethan,Carter,IT,32
30,Olivia,Stewart,HR,21
31,Mason,Murphy,Finance,41
32,Emma,Harrison,Marketing,35
33,Carter,Butler,IT,30
34,Chloe,Fisher,HR,20
35,Samuel,Barnes,Finance,35
36,Scarlett,Johnson,Marketing,36
37,Daniel,Kelly,IT,31
38,Isabella,Richards,HR,19
39,Mia,Reed,Finance,40
40,Liam,Hughes,Marketing,37
41,Sebastian,Hughes,IT,29
42,Ella,Russell,HR,18
43,Ethan,Morris,Finance,39
44,Abigail,Perry,Marketing,38
45,Aiden,Myers,IT,30
46,Olivia,Griffin,HR,17
47,Andrew,Stewart,Finance,38
48,Amelia,Bryant,Marketing,39
49,Jack,Gibson,IT,31
50,Abigail,Watson,HR,17
51,William,Cooper,IT,28
52,Sophia,Kelly,HR,32
53,Liam,Barnes,Finance,25
54,Olivia,Johnson,Marketing,30
55,Noah,Davis,IT,31
56,Ava,Miller,HR,27
57,James,Jones,Finance,35
58,Isabella,Taylor,Marketing,29
59,Lucas,Anderson,IT,33
60,Sophia,Wilson,HR,26
61,Aiden,Moore,Finance,38
62,Mia,Baker,Marketing,28
63,Logan,Hall,IT,30
64,Amelia,Clark,HR,24
65,Oliver,White,Finance,40
66,Ella,Wright,Marketing,31
67,Benjamin,Adams,IT,29
68,Charlotte,Hill,HR,23
69,Ethan,Martin,Finance,42
70,Sofia,Scott,Marketing,32
71,Avery,Nelson,IT,34
72,Harper,Green,HR,29
73,Liam,Cooper,Finance,39
74,Grace,Turner,Marketing,33
75,Noah,Evans,IT,28
76,Ava,Ross,HR,22
77,Lucas,Ward,Finance,36
78,Sophia,Turner,Marketing,34
79,Ethan,Carter,IT,32
80,Olivia,Stewart,HR,21
81,Mason,Murphy,Finance,41
82,Emma,Harrison,Marketing,35
83,Carter,Butler,IT,30
84,Chloe,Fisher,HR,20
85,Samuel,Barnes,Finance,35
86,Scarlett,Johnson,Marketing,36
87,Daniel,Kelly,IT,31
88,Isabella,Richards,HR,19
89,Mia,Reed,Finance,40
90,Liam,Hughes,Marketing,37
91,Sebastian,Hughes,IT,29
92,Ella,Russell,HR,18
93,Ethan,Morris,Finance,39
94,Abigail,Perry,Marketing,38
95,Aiden,Myers,IT,30
96,Olivia,Griffin,HR,17
97,Andrew,Stewart,Finance,38
98,Amelia,Bryant,Marketing,39
99,Jack,Gibson,IT,31
100,Abigail,Watson,HR,17
101,William,Cooper,IT,28
102,Sophia,Kelly,HR,32
103,Liam,Barnes,Finance,25
104,Olivia,Johnson,Marketing,30
105,Noah,Davis,IT,31
106,Ava,Miller,HR,27
107,James,Jones,Finance,35
108,Isabella,Taylor,Marketing,29
109,Lucas,Anderson,IT,33
110,Sophia,Wilson,HR,26
111,Aiden,Moore,Finance,38
112,Mia,Baker,Marketing,28
113,Logan,Hall,IT,30
114,Amelia,Clark,HR,24
115,Oliver,White,Finance,40
116,Ella,Wright,Marketing,31
117,Benjamin,Adams,IT,29
118,Charlotte,Hill,HR,23
119,Ethan,Martin,Finance,42
120,Sofia,Scott,Marketing,32
121,Avery,Nelson,IT,34
122,Harper,Green,HR,29
123,Liam,Cooper,Finance,39
124,Grace,Turner,Marketing,33
125,Noah,Evans,IT,28
126,Ava,Ross,HR,22
127,Lucas,Ward,Finance,36
128,Sophia,Turner,Marketing,34
129,Ethan,Carter,IT,32
130,Olivia,Stewart,HR,21
131,Mason,Murphy,Finance,41
132,Emma,Harrison,Marketing,35
133,Carter,Butler,IT,30
134,Chloe,Fisher,HR,20
135,Samuel,Barnes,Finance,35
136,Scarlett,Johnson,Marketing,36
137,Daniel,Kelly,IT,31
138,Isabella,Richards,HR,19
139,Mia,Reed,Finance,40
140,Liam,Hughes,Marketing,37
141,Sebastian,Hughes,IT,29
142,Ella,Russell,HR,18
143,Ethan,Morris,Finance,39
144,Abigail,Perry,Marketing,38
145,Aiden,Myers,IT,30
146,Olivia,Griffin,HR,17
147,Andrew,Stewart,Finance,38
148,Amelia,Bryant,Marketing,39
149,Jack,Gibson,IT,31
150,Abigail,Watson,HR,17
151,William,Cooper,IT,28
152,Sophia,Kelly,HR,32
153,Liam,Barnes,Finance,25
154,Olivia,Johnson,Marketing,30
155,Noah,Davis,IT,31
156,Ava,Miller,HR,27
157,James,Jones,Finance,35
158,Isabella,Taylor,Marketing,29
159,Lucas,Anderson,IT,33
160,Sophia,Wilson,HR,26
161,Aiden,Moore,Finance,38
162,Mia,Baker,Marketing,28
163,Logan,Hall,IT,30
164,Amelia,Clark,HR,24
165,Oliver,White,Finance,40
166,Ella,Wright,Marketing,31
167,Benjamin,Adams,IT,29
168,Charlotte,Hill,HR,23
169,Ethan,Martin,Finance,42
170,Sofia,Scott,Marketing,32
171,Avery,Nelson,IT,34
172,Harper,Green,HR,29
173,Liam,Cooper,Finance,39
174,Grace,Turner,Marketing,33
175,Noah,Evans,IT,28
176,Ava,Ross,HR,22
177,Lucas,Ward,Finance,36
178,Sophia,Turner,Marketing,34
179,Ethan,Carter,IT,32
180,Olivia,Stewart,HR,21
181,Mason,Murphy,Finance,41
182,Emma,Harrison,Marketing,35
183,Carter,Butler,IT,30
184,Chloe,Fisher,HR,20
185,Samuel,Barnes,Finance,35
186,Scarlett,Johnson,Marketing,36
187,Daniel,Kelly,IT,31
188,Isabella,Richards,HR,19
189,Mia,Reed,Finance,40
190,Liam,Hughes,Marketing,37
191,Sebastian,Hughes,IT,29
192,Ella,Russell,HR,18
193,Ethan,Morris,Finance,39
194,Abigail,Perry,Marketing,38
195,Aiden,Myers,IT,30
196,Olivia,Griffin,HR,17
197,Andrew,Stewart,Finance,38
198,Amelia,Bryant,Marketing,39
199,Jack,Gibson,IT,31
200,Abigail,Watson,HR,17
